<?xml version="1.0"?>
<!DOCTYPE hibernate-mapping PUBLIC "-//Hibernate/Hibernate Mapping DTD 3.0//EN"
"http://www.hibernate.org/dtd/hibernate-mapping-3.0.dtd">
<!-- Generated 02/05/2017 14:12:10 by Hibernate Tools 4.3.1 -->
<hibernate-mapping>
    <class name="model.ItensVenda" table="Itens_Venda" catalog="Loja" optimistic-lock="version">
        <composite-id name="id" class="model.ItensVendaId">
            <key-property name="codProd" type="short">
                <column name="Cod_Prod" />
            </key-property>
            <key-property name="codVenda" type="short">
                <column name="Cod_venda" />
            </key-property>
        </composite-id>
        <many-to-one name="produtos" class="model.Produtos" update="false" insert="false" fetch="select">
            <column name="Cod_Prod" not-null="true" />
        </many-to-one>
        <many-to-one name="vendas" class="model.Vendas" update="false" insert="false" fetch="select">
            <column name="Cod_venda" not-null="true" />
        </many-to-one>
        <property name="quantidade" type="int">
            <column name="Quantidade" not-null="true" />
        </property>
    </class>
</hibernate-mapping>
