<?xml version="1.0"?>
<!DOCTYPE hibernate-mapping PUBLIC "-//Hibernate/Hibernate Mapping DTD 3.0//EN"
"http://www.hibernate.org/dtd/hibernate-mapping-3.0.dtd">
<!-- Generated 02/05/2017 14:12:10 by Hibernate Tools 4.3.1 -->
<hibernate-mapping>
    <class name="model.Produtos" table="Produtos" catalog="Loja" optimistic-lock="version">
        <id name="codigo" type="java.lang.Short">
            <column name="Codigo" />
            <generator class="identity" />
        </id>
        <property name="nome" type="string">
            <column name="Nome" length="128" not-null="true" unique="true" />
        </property>
        <property name="quantEstoque" type="int">
            <column name="Quant_Estoque" not-null="true" />
        </property>
        <property name="preco" type="double">
            <column name="Preco" precision="22" scale="0" not-null="true" />
        </property>
        <set name="itensVendas" table="Itens_Venda" inverse="true" lazy="true" fetch="select">
            <key>
                <column name="Cod_Prod" not-null="true" />
            </key>
            <one-to-many class="model.ItensVenda" />
        </set>
    </class>
</hibernate-mapping>
