<?xml version="1.0"?>
<!DOCTYPE hibernate-mapping PUBLIC "-//Hibernate/Hibernate Mapping DTD 3.0//EN"
"http://www.hibernate.org/dtd/hibernate-mapping-3.0.dtd">
<!-- Generated 02/05/2017 14:12:10 by Hibernate Tools 4.3.1 -->
<hibernate-mapping>
    <class name="model.Vendas" table="Vendas" catalog="Loja" optimistic-lock="version">
        <id name="codigo" type="java.lang.Short">
            <column name="Codigo" />
            <generator class="identity" />
        </id>
        <property name="data" type="date">
            <column name="Data" length="10" not-null="true" />
        </property>
        <property name="valorTotal" type="double">
            <column name="Valor_Total" precision="22" scale="0" not-null="true" />
        </property>
        <property name="cpfVendedor" type="string">
            <column name="CPF_Vendedor" length="11" not-null="true" />
        </property>
        <set name="itensVendas" table="Itens_Venda" inverse="true" lazy="true" fetch="select">
            <key>
                <column name="Cod_venda" not-null="true" />
            </key>
            <one-to-many class="model.ItensVenda" />
        </set>
    </class>
</hibernate-mapping>
